[
{
	"OrderNo" : "1",
"CustomerId" : 100,
"CustomerNmae" : "name",
"PaymentMethod" : "UPI",
"OrderAmount" : "100" ,
"OrderStaus" : "CNF",
"OrderDate" : "12/31/2020",
"OrderDetails" :[
{
"OrderNo" : "10001",
"Productcode" : "pcode",
"SKU" : "ABCCODE",
"UnitPrice" : 100,
"Description" : "some description"
}
]
},
	{
	"OrderNo" : "2",
"CustomerId" : 1000,
"CustomerNmae" : "name",
"PaymentMethod" : "UPI",
"OrderAmount" : "100" ,
"OrderStaus" : "CNF",
"OrderDate" : "04-05-2020",
"OrderDetails" :[
{
"OrderNo" : "10001",
"Productcode" : "pcode",
"SKU" : "ABCCODE",
"UnitPrice" : 100,
"Description" : "some description"
}
]
}
]
